Table,Column Name,Data Type,Nullable,Key,Default,Extra
FBS_LOGS.ACCESOUSUARIO,SECUENCIAL,int,NO,PRI,,auto_increment
FBS_LOGS.ACCESOUSUARIO,CODIGOUSUARIO,varchar(25),NO,MUL,,
FBS_LOGS.ACCESOUSUARIO,MAQUINAINGRESO,varchar(4000),NO,,,
FBS_LOGS.ACCESOUSUARIO,FECHASISTEMA,datetime(3),NO,,,
FBS_LOGS.ACCESOUSUARIO,FECHAMAQUINA,datetime(3),NO,,,
FBS_LOGS.ACCESOUSUARIO,CRIPTOGRAFIAREGISTRO,varchar(4000),NO,,,
FBS_LOGS.ACCESOUSUARIO,CONCURRENCIA,timestamp(6),YES,,CURRENT_TIMESTAMP(6),DEFAULT_GENERATED on update CURRENT_TIMESTAMP(6)
FBS_LOGS.ACCESOUSUARIOMOVIL,SECUENCIAL,int,NO,PRI,,auto_increment
FBS_LOGS.ACCESOUSUARIOMOVIL,CODIGOUSUARIO,varchar(25),NO,MUL,,
FBS_LOGS.ACCESOUSUARIOMOVIL,DISPOSITIVOINGRESO,varchar(100),NO,,,
FBS_LOGS.ACCESOUSUARIOMOVIL,FECHASISTEMA,datetime(3),NO,,,
FBS_LOGS.ACCESOUSUARIOMOVIL,FECHADISPOSITIVO,datetime(3),NO,,,
FBS_LOGS.ACCESOUSUARIOMOVIL,CRIPTOGRAFIAREGISTRO,varchar(500),NO,,,
FBS_LOGS.ACCESOUSUARIOMOVIL,CONCURRENCIA,timestamp(6),YES,,CURRENT_TIMESTAMP(6),DEFAULT_GENERATED on update CURRENT_TIMESTAMP(6)
FBS_LOGS.ACCIONROL,SECUENCIAL,int,NO,PRI,,auto_increment
FBS_LOGS.ACCIONROL,CODIGOACCION,varchar(100),NO,MUL,,
FBS_LOGS.ACCIONROL,CODIGOROL,varchar(20),NO,,,
FBS_LOGS.ACCIONROL,ESTAACTIVO,tinyint unsigned,NO,,,
FBS_LOGS.ACCIONROL,NUMEROVERIFICADOR,int,NO,,,
FBS_LOGS.ACCIONROL,CONCURRENCIA,timestamp(6),YES,,CURRENT_TIMESTAMP(6),DEFAULT_GENERATED on update CURRENT_TIMESTAMP(6)
FBS_LOGS.ACCIONUSUARIO,SECUENCIAL,int,NO,PRI,,auto_increment
FBS_LOGS.ACCIONUSUARIO,CODIGOUSUARIO,varchar(25),NO,MUL,,
FBS_LOGS.ACCIONUSUARIO,MAQUINAINGRESO,varchar(100),NO,,,
FBS_LOGS.ACCIONUSUARIO,FECHASISTEMA,datetime(3),NO,,,
FBS_LOGS.ACCIONUSUARIO,FECHAMAQUINA,datetime(3),NO,,,
FBS_LOGS.ACCIONUSUARIO,CODIGOACCION,varchar(50),NO,,,
FBS_LOGS.ACCIONUSUARIO,DESCRIPCIONACCION,varchar(4000),NO,,,
FBS_LOGS.ACCIONUSUARIO,CRIPTOGRAFIAREGISTRO,varchar(500),NO,,,
FBS_LOGS.ACCIONUSUARIO,CONCURRENCIA,timestamp(6),YES,,CURRENT_TIMESTAMP(6),DEFAULT_GENERATED on update CURRENT_TIMESTAMP(6)
FBS_LOGS.ACCIONUSUARIO_CLIENTE,SECUENCIALACCIONUSUARIO,int,NO,PRI,,
FBS_LOGS.ACCIONUSUARIO_CLIENTE,SECUENCIALCLIENTE,int,NO,,,
FBS_LOGS.ACCIONUSUARIO_CLIENTE,CONCURRENCIA,timestamp(6),YES,,CURRENT_TIMESTAMP(6),DEFAULT_GENERATED on update CURRENT_TIMESTAMP(6)
FBS_LOGS.AUDITORIADATABASE,ID,int,NO,PRI,,auto_increment
FBS_LOGS.AUDITORIADATABASE,CLUSTER,varchar(255),YES,,,
FBS_LOGS.AUDITORIADATABASE,USER,varchar(50),YES,,,
FBS_LOGS.AUDITORIADATABASE,IP,varchar(20),YES,,,
FBS_LOGS.AUDITORIADATABASE,DATABASE,varchar(50),YES,,,
FBS_LOGS.AUDITORIADATABASE,QUERY,varchar(255),YES,,,
FBS_LOGS.AUDITORIADATABASE,STATUS,varchar(50),YES,,,
FBS_LOGS.AUDITORIADATABASE,DATETIME,datetime,YES,,CURRENT_TIMESTAMP,DEFAULT_GENERATED on update CURRENT_TIMESTAMP
FBS_LOGS.AUDITORIADATABASE,NOTIFICADOA,longtext,YES,,,
FBS_LOGS.AUDITORIAOPERACION,SECUENCIAL,int,NO,PRI,,auto_increment
FBS_LOGS.AUDITORIAOPERACION,ACCION,varchar(255),NO,,,
FBS_LOGS.AUDITORIAOPERACION,NOMBRETABLA,varchar(255),NO,,,
FBS_LOGS.AUDITORIAOPERACION,VALORANTERIOR,longtext,YES,,,
FBS_LOGS.AUDITORIAOPERACION,VALORNUEVO,longtext,YES,,,
FBS_LOGS.AUDITORIAOPERACION,FECHAMAQUINA,datetime(6),NO,,,
FBS_LOGS.AUDITORIAOPERACION,FECHASISTEMA,datetime(6),NO,MUL,,
FBS_LOGS.AUDITORIAOPERACION,INTERFAZCLIENTE,varchar(255),NO,,,
FBS_LOGS.AUDITORIAOPERACION,CODIGOUSUARIO,varchar(50),NO,MUL,,
FBS_LOGS.AUDITORIAOPERACION,SECUENCIALOFICINA,int,NO,,,
FBS_LOGS.AUDITORIAOPERACION,NOMBREOFICINA,varchar(150),NO,,,
FBS_LOGS.AUDITORIAOPERACION,HASH,longtext,NO,,,
FBS_LOGS.AUDITORIAOPERACION,CONCURRENCIA,timestamp(6),NO,,CURRENT_TIMESTAMP(6),DEFAULT_GENERATED on update CURRENT_TIMESTAMP(6)
FBS_LOGS.AUDITORIASERVICIO,SECUENCIAL,int,NO,PRI,,auto_increment
FBS_LOGS.AUDITORIASERVICIO,CODIGOUSUARIO,varchar(100),NO,,,
FBS_LOGS.AUDITORIASERVICIO,FECHASISTEMA,datetime(3),NO,,,
FBS_LOGS.AUDITORIASERVICIO,FECHAMAQUINA,datetime(3),NO,,,
FBS_LOGS.AUDITORIASERVICIO,OFICINA,varchar(100),NO,,,
FBS_LOGS.AUDITORIASERVICIO,IP,varchar(100),NO,,,
FBS_LOGS.AUDITORIASERVICIO,RUTAMENU,varchar(250),NO,,,
FBS_LOGS.AUDITORIASERVICIO,CONCURRENCIA,timestamp(6),YES,,CURRENT_TIMESTAMP(6),DEFAULT_GENERATED on update CURRENT_TIMESTAMP(6)
FBS_LOGS.CAMBIOCLAVE,SECUENCIAL,int,NO,PRI,,auto_increment
FBS_LOGS.CAMBIOCLAVE,CODIGOUSUARIO,varchar(25),NO,MUL,,
FBS_LOGS.CAMBIOCLAVE,MAQUINAINGRESO,varchar(100),NO,,,
FBS_LOGS.CAMBIOCLAVE,CLAVEALMACENADA,varchar(500),NO,,,
FBS_LOGS.CAMBIOCLAVE,FECHASISTEMA,datetime(3),NO,,,
FBS_LOGS.CAMBIOCLAVE,FECHAMAQUINA,datetime(3),NO,,,
FBS_LOGS.CAMBIOCLAVE,CODIGOUSUARIOINGRESO,varchar(25),NO,,,
FBS_LOGS.CAMBIOCLAVE,CRIPTOGRAFIAREGISTRO,varchar(500),NO,,,
FBS_LOGS.CAMBIOCLAVE,SECUENCIALMOTIVOCAMBIOCLAVE,int,NO,MUL,,
FBS_LOGS.CAMBIOCLAVE,CONCURRENCIA,timestamp(6),YES,,CURRENT_TIMESTAMP(6),DEFAULT_GENERATED on update CURRENT_TIMESTAMP(6)
FBS_LOGS.HISTORIALLOCALIZACIONUSUARIO,SECUENCIAL,int,NO,PRI,,auto_increment
FBS_LOGS.HISTORIALLOCALIZACIONUSUARIO,CODIGOUSUARIO,varchar(25),NO,,,
FBS_LOGS.HISTORIALLOCALIZACIONUSUARIO,MACDISPOSITIVO,varchar(100),NO,,,
FBS_LOGS.HISTORIALLOCALIZACIONUSUARIO,LATITUD,varchar(50),NO,,,
FBS_LOGS.HISTORIALLOCALIZACIONUSUARIO,LONGITUD,varchar(50),NO,,,
FBS_LOGS.HISTORIALLOCALIZACIONUSUARIO,FECHASISTEMA,datetime(3),NO,,,
FBS_LOGS.HISTORIALLOCALIZACIONUSUARIO,FECHAMAQUINA,datetime(3),NO,,,
FBS_LOGS.HISTORIALLOCALIZACIONUSUARIO,CONCURRENCIA,timestamp(6),YES,,CURRENT_TIMESTAMP(6),DEFAULT_GENERATED on update CURRENT_TIMESTAMP(6)
FBS_LOGS.LOGTIMEOUT,SECUENCIAL,int,NO,PRI,,auto_increment
FBS_LOGS.LOGTIMEOUT,NOMBREPROCESO,varchar(50),NO,,,
FBS_LOGS.LOGTIMEOUT,NUMEROEJECUCIONES,int,NO,,,
FBS_LOGS.LOGTIMEOUT,IDOBJETO,varchar(50),NO,,,
FBS_LOGS.LOGTIMEOUT,SQL,longtext,NO,,,
FBS_LOGS.LOGTIMEOUT,ULTIMAEJECUCION,datetime(3),NO,,,
FBS_LOGS.LOGTIMEOUT,DATOBASE,varchar(50),NO,,,
FBS_LOGS.LOGTIMEOUT,FECHA,datetime(3),NO,,,
FBS_LOGS.LOGTIMEOUT,CONCURRENCIA,timestamp(6),YES,,CURRENT_TIMESTAMP(6),DEFAULT_GENERATED on update CURRENT_TIMESTAMP(6)
FBS_LOGS.MOTIVOCAMBIOCLAVE,SECUENCIAL,int,NO,PRI,,auto_increment
FBS_LOGS.MOTIVOCAMBIOCLAVE,NOMBRE,varchar(50),NO,,,
FBS_LOGS.MOTIVOCAMBIOCLAVE,ESTAACTIVO,tinyint unsigned,NO,,,
FBS_LOGS.MOTIVOCAMBIOCLAVE,NUMEROVERIFICADOR,int,NO,,,
FBS_LOGS.MOTIVOCAMBIOCLAVE,CONCURRENCIA,timestamp(6),YES,,CURRENT_TIMESTAMP(6),DEFAULT_GENERATED on update CURRENT_TIMESTAMP(6)
FBS_LOGS.MOVIMIENTOCLIENTELISTACONTROL,SECUENCIAL,int,NO,PRI,,auto_increment
FBS_LOGS.MOVIMIENTOCLIENTELISTACONTROL,DOCUMENTOMOVIMIENTO,varchar(50),NO,,,
FBS_LOGS.MOVIMIENTOCLIENTELISTACONTROL,SECUENCIALCLIENTE,int,NO,,,
FBS_LOGS.MOVIMIENTOCLIENTELISTACONTROL,CODIGOLISTACONTROL,varchar(50),NO,MUL,,
FBS_LOGS.MOVIMIENTOCLIENTELISTACONTROL,CONCURRENCIA,timestamp(6),YES,,CURRENT_TIMESTAMP(6),DEFAULT_GENERATED on update CURRENT_TIMESTAMP(6)
FBS_LOGS.OPERACIONESDETALLADAS,SECUENCIAL,int,NO,PRI,,auto_increment
FBS_LOGS.OPERACIONESDETALLADAS,SERVICIO,varchar(255),YES,MUL,,
FBS_LOGS.OPERACIONESDETALLADAS,CONTROLADOR,varchar(255),YES,,,
FBS_LOGS.OPERACIONESDETALLADAS,METODO,varchar(255),YES,,,
FBS_LOGS.OPERACIONESDETALLADAS,USUARIO,varchar(255),YES,,,
FBS_LOGS.OPERACIONESDETALLADAS,JSON,longtext,YES,,,
FBS_LOGS.OPERACIONESDETALLADAS,FECHAEJECUCION,datetime(6),YES,,,
FBS_LOGS.OPERACIONESDETALLADAS,FECHASISTEMA,date,YES,MUL,,
FBS_LOGS.OPERACIONESSISTEMA,SECUENCIAL,int,NO,PRI,,auto_increment
FBS_LOGS.OPERACIONESSISTEMA,SERVICIO,varchar(255),YES,,,
FBS_LOGS.OPERACIONESSISTEMA,CONTROLADOR,varchar(255),YES,,,
FBS_LOGS.OPERACIONESSISTEMA,METODO,varchar(255),YES,,,
FBS_LOGS.OPERACIONESSISTEMA,USUARIO,varchar(255),YES,MUL,,
FBS_LOGS.OPERACIONESSISTEMA,FECHAEJECUCION,datetime(6),YES,,,
FBS_LOGS.OPERACIONESSISTEMA,TIEMPOEJECUCION,int,YES,,,
FBS_LOGS.OPERACIONESSISTEMA,CONCURRENCIA,timestamp(6),YES,,CURRENT_TIMESTAMP(6),DEFAULT_GENERATED on update CURRENT_TIMESTAMP(6)
FBS_LOGS.OPERACIONESSISTEMA,LONGITUDRESPUESTABYTES,int,YES,,0,
FBS_LOGS.OPERACIONESSISTEMA,FECHASISTEMA,date,YES,MUL,,
FBS_LOGS.OPERACIONESSISTEMA,PROCESADO,bit(1),YES,,b'0',
FBS_LOGS.PROCESOSERVIDOR,SECUENCIAL,int,NO,PRI,,auto_increment
FBS_LOGS.PROCESOSERVIDOR,SECUENCIALOFICINA,int,NO,,,
FBS_LOGS.PROCESOSERVIDOR,CODIGOUSUARIO,varchar(25),NO,MUL,,
FBS_LOGS.PROCESOSERVIDOR,MAQUINAINGRESO,varchar(100),NO,,,
FBS_LOGS.PROCESOSERVIDOR,FECHASISTEMA,datetime(3),NO,,,
FBS_LOGS.PROCESOSERVIDOR,SERVICIOWEB,varchar(250),NO,,,
FBS_LOGS.PROCESOSERVIDOR,METODO,varchar(250),NO,,,
FBS_LOGS.PROCESOSERVIDOR,HORAINICIO,datetime(3),NO,,,
FBS_LOGS.PROCESOSERVIDOR,HORAFIN,datetime(3),NO,,,
FBS_LOGS.PROCESOSERVIDOR,MILISEGUNDOS,int,NO,,,
FBS_LOGS.PROCESOSERVIDOR,SIZEENTRADA,int,NO,,,
FBS_LOGS.PROCESOSERVIDOR,SIZESALIDA,int,NO,,,
FBS_LOGS.PROCESOSERVIDOR,CONCURRENCIA,timestamp(6),YES,,CURRENT_TIMESTAMP(6),DEFAULT_GENERATED on update CURRENT_TIMESTAMP(6)
FBS_LOGS.PROCESOSLOTE,SECUENCIAL,int,NO,PRI,,auto_increment
FBS_LOGS.PROCESOSLOTE,PROCESO,int,NO,,,
FBS_LOGS.PROCESOSLOTE,TIPO,varchar(255),NO,,,
FBS_LOGS.PROCESOSLOTE,JSON,longtext,NO,,,
FBS_LOGS.PROCESOSLOTE,FECHASOLICITADO,datetime,NO,,,
FBS_LOGS.PROCESOSLOTE,FECHAPROCESADO,datetime,YES,,,
FBS_LOGS.PROCESOSLOTE,CODIGOUSUARIO,varchar(25),NO,,,
FBS_LOGS.PROCESOSLOTE,ESFALLO,bit(1),NO,,,
FBS_LOGS.PROCESOSLOTE,CONCURRENCIA,timestamp(6),NO,,CURRENT_TIMESTAMP(6),DEFAULT_GENERATED on update CURRENT_TIMESTAMP(6)
FBS_LOGS.REIMPRESIONDOCUMENTO,SECUENCIAL,int,NO,PRI,,auto_increment
FBS_LOGS.REIMPRESIONDOCUMENTO,CODIGOUSUARIO,varchar(25),NO,,,
FBS_LOGS.REIMPRESIONDOCUMENTO,DOCUMENTO,varchar(100),NO,,,
FBS_LOGS.REIMPRESIONDOCUMENTO,FECHASISTEMA,datetime(3),NO,,,
FBS_LOGS.REIMPRESIONDOCUMENTO,FECHAMAQUINA,datetime(3),NO,,,
FBS_LOGS.REIMPRESIONDOCUMENTO,CONCURRENCIA,timestamp(6),YES,,CURRENT_TIMESTAMP(6),DEFAULT_GENERATED on update CURRENT_TIMESTAMP(6)
FBS_LOGS.SALIDAUSUARIO,SECUENCIAL,int,NO,PRI,,auto_increment
FBS_LOGS.SALIDAUSUARIO,CODIGOUSUARIO,varchar(25),NO,MUL,,
FBS_LOGS.SALIDAUSUARIO,MAQUINAINGRESO,varchar(100),NO,,,
FBS_LOGS.SALIDAUSUARIO,FECHASISTEMA,datetime(3),NO,,,
FBS_LOGS.SALIDAUSUARIO,FECHAMAQUINA,datetime(3),NO,,,
FBS_LOGS.SALIDAUSUARIO,SECUENCIALACCESOUSUARIO,int,NO,UNI,,
FBS_LOGS.SALIDAUSUARIO,CRIPTOGRAFIAREGISTRO,varchar(500),NO,,,
FBS_LOGS.SALIDAUSUARIO,CONCURRENCIA,timestamp(6),YES,,CURRENT_TIMESTAMP(6),DEFAULT_GENERATED on update CURRENT_TIMESTAMP(6)
FBS_LOGS.SERVICIOBANCA,CODIGO,varchar(5),NO,PRI,,
FBS_LOGS.SERVICIOBANCA,NOMBRE,varchar(100),NO,,,
FBS_LOGS.SERVICIOBANCA,ESTAACTIVO,tinyint unsigned,NO,,,
FBS_LOGS.SERVICIOBANCA,NUMEROVERIFICADOR,int,NO,,,
FBS_LOGS.SERVICIOBANCA,CONCURRENCIA,timestamp(6),YES,,CURRENT_TIMESTAMP(6),DEFAULT_GENERATED on update CURRENT_TIMESTAMP(6)
FBS_LOGS.TIEMPORESPUESTA,SECUENCIAL,int,NO,PRI,,auto_increment
FBS_LOGS.TIEMPORESPUESTA,SECUENCIALOFICINA,int,NO,,,
FBS_LOGS.TIEMPORESPUESTA,CODIGOUSUARIO,varchar(25),NO,MUL,,
FBS_LOGS.TIEMPORESPUESTA,MAQUINAINGRESO,varchar(100),NO,,,
FBS_LOGS.TIEMPORESPUESTA,FECHASISTEMA,datetime(3),NO,,,
FBS_LOGS.TIEMPORESPUESTA,PROXY,varchar(250),NO,,,
FBS_LOGS.TIEMPORESPUESTA,METODO,varchar(250),NO,,,
FBS_LOGS.TIEMPORESPUESTA,HORAINICIO,datetime(3),NO,,,
FBS_LOGS.TIEMPORESPUESTA,HORAFIN,datetime(3),NO,,,
FBS_LOGS.TIEMPORESPUESTA,MILISEGUNDOS,int,NO,,,
FBS_LOGS.TIEMPORESPUESTA,CONCURRENCIA,timestamp(6),YES,,CURRENT_TIMESTAMP(6),DEFAULT_GENERATED on update CURRENT_TIMESTAMP(6)
FBS_LOGS.TIPOACCIONLOG,CODIGO,varchar(100),NO,PRI,,
FBS_LOGS.TIPOACCIONLOG,NOMBRE,varchar(100),NO,,,
FBS_LOGS.TIPOACCIONLOG,ESTAACTIVO,tinyint unsigned,NO,,,
FBS_LOGS.TIPOACCIONLOG,NUMEROVERIFICADOR,int,NO,,,
FBS_LOGS.TIPOACCIONLOG,CONCURRENCIA,timestamp(6),YES,,CURRENT_TIMESTAMP(6),DEFAULT_GENERATED on update CURRENT_TIMESTAMP(6)
FBS_LOGS.TIPOACCIONLOGPROCESO,SECUENCIAL,int,NO,PRI,,auto_increment
FBS_LOGS.TIPOACCIONLOGPROCESO,CODIGOTIPOACCIONLOG,varchar(100),NO,MUL,,
FBS_LOGS.TIPOACCIONLOGPROCESO,NOMBREPROCESO,varchar(100),NO,,,
FBS_LOGS.TIPOACCIONLOGPROCESO,ESTAACTIVO,tinyint unsigned,NO,,,
FBS_LOGS.TIPOACCIONLOGPROCESO,NUMEROVERIFICADOR,int,NO,,,
FBS_LOGS.TIPOACCIONLOGPROCESO,NOMBREMETODO,varchar(100),NO,,,
FBS_LOGS.TIPOACCIONLOGPROCESO,CONCURRENCIA,timestamp(6),YES,,CURRENT_TIMESTAMP(6),DEFAULT_GENERATED on update CURRENT_TIMESTAMP(6)
